location	feature	gene	median_WT	median_KO	rratio	pvals
chr1:16103433:16105433	  TSS	  Rpl7	1.614410027281	1.814259259477	0.116575391489547	0.0422673767124517
chr1:59684005:59686005	  TSS	  Nop58	1.157847714647	1.4892713995865	0.250403303090852	0.00506655668860951
chr1:60342371:60344371	  TSS	  Cyp20a1	1.222432059643	1.806213645338	0.3855066868567	0.0111539894507093
chr1:64689659:64691659	  TSS	  2810408I11Rik	1.752792961049	2.40902114299	0.315356796597011	0.0140199303556127
chr1:75263208:75265208	  TSS	  Ptprn	1.2937411948945	2.17928644124	0.509955772958442	0.0224401145238961
chr1:165090930:165092930	  TSS	  4930568G15Rik	1.63851912401	1.861788909519	0.127571507061851	0.0186136912250229
chr1:178318152:178320152	  TSS	  Cox20	1.419438399988	1.726965801214	0.195478636284885	0.0068255376502216
chr2:5894353:5896353	  TSS	  Sec61a2	1.419871604088	1.756344486035	0.21187027103938	0.0462599461633105
chr2:28532463:28534463	  TSS	  Ralgds	1.4619018830265	1.748463469198	0.178522725441787	0.0351274548808475
chr2:32287069:32289069	  TSS	  Swi5	1.121640681828	1.326721665849	0.167525026853627	0.0281336288848842
chr2:32287252:32289252	  TSS	  Golga2	1.121640681828	1.326721665849	0.167525026853627	0.0281336288848842
chr2:32380915:32382915	  TSS	  1110008P14Rik	1.472763986774	1.9122904116	0.259686476552415	0.0258244333734836
chr2:32693175:32695175	  TSS	  Fpgs	2.00983298809	2.9227952359	0.370172738083027	0.0152342842531215
chr2:38997308:38999308	  TSS	  Wdr38	1.3894078141515	2.1032425201625	0.408763911461641	0.0256061328861477
chr2:60672693:60674693	  TSS	  Itgb6	1.295109886037	1.847453407151	0.351524198294616	0.0370390075402642
chr2:69585067:69587067	  TSS	  Lrp2	1.499529545433	1.948144630506	0.260242158730569	0.00712790965767858
chr2:71785938:71787938	  TSS	  Itga6	1.209786537954	2.30743240705	0.624155553725275	0.0215547190792623
chr2:71872223:71874223	  TSS	  Pdk1	1.660241053904	2.481153445365	0.396442498586358	0.0119225058439957
chr2:74681322:74683322	  TSS	  Hoxd11	1.211360921305	2.04437533307	0.511721065025221	0.00399149560154913
chr2:91095796:91097796	  TSS	  Spi1	2.02605230752	2.514013087155	0.214957599600801	0.0419712626744316
chr2:91962563:91964563	  TSS	  Dgkz	1.290065271761	1.489851811262	0.14373561047637	0.0327549269685291
chr2:92458794:92460794	  TSS	  Slc35c1	1.9545655339865	2.42366026584	0.214285307930938	0.0212927600669455
chr2:119207795:119209795	  TSS	  Dnajc17	1.386582133196	1.922315896648	0.323814006125331	0.00988823641510761
chr2:119207719:119209719	  TSS	  Zfyve19	1.386582133196	1.922315896648	0.323814006125331	0.00988823641510761
chr2:122636886:122638886	  TSS	  AA467197	1.239734360187	1.487674897724	0.181813959029313	0.0430561441964862
chr2:127141590:127143590	  TSS	  Itpripl1	1.915761383067	2.574298923325	0.293331267431091	0.025935039941892
chr2:127586425:127588425	  TSS	  Mrps5	1.278774426723	1.768305544875	0.321311631276466	0.040175779644399
chr2:144269572:144271572	  TSS	  Snx5	1.384648286232	1.72306050769	0.217788888147989	0.0293152666583844
chr2:145902240:145904240	  TSS	  Naa20	1.307898645197	1.7349651337375	0.280700366212281	0.0257644684929149
chr2:152668460:152670460	  TSS	  H13	1.299210018528	1.8475498629145	0.34851076348103	0.00566020464010402
chr2:153240531:153242531	  TSS	  Pofut1	1.4424559156495	1.9682053445255	0.308297651845392	0.0453107654086873
chr2:167348178:167350178	  TSS	  B4galt5	1.62767899478	1.865068569312	0.135932855252718	0.03933997093528
chr2:167631005:167633005	  TSS	  Ube2v1	1.249733663578	1.862768629929	0.39391776040124	0.0328888469474253
chr2:167689758:167691758	  TSS	  A530013C23Rik	1.47792282464	1.886291929975	0.242772316942492	0.0394046492759446
chr2:167690176:167692176	  TSS	  A530013C23Rik	1.47792282464	1.886291929975	0.242772316942492	0.0394046492759446
chr2:167931326:167933326	  TSS	  Ptpn1	1.458742096073	1.9200364392825	0.273053908909697	0.0285769299572867
chr2:181134289:181136289	  TSS	  Kcnq2	1.485472083523	2.22271298003	0.397628966123181	0.0314283107778468
chr3:33799182:33801182	  TSS	  Ttc14	1.1664172649595	1.444879400672	0.213274990450125	0.0315148302459977
chr3:52267336:52269336	  TSS	  Foxo1	1.438726791314	1.925420521831	0.289341509282488	0.022618783963018
chr3:86223689:86225689	  TSS	  Lrba	1.2656356821385	1.769787180981	0.332178758332461	0.0426729249567556
chr3:87970092:87972092	  TSS	  Nes	1.912805323109	2.32055541301	0.192636590792785	0.0245033719018924
chr3:88551927:88553927	  TSS	  Lamtor2	1.614736355565	1.861973657261	0.142224862461299	0.0351649033601798
chr3:89135141:89137141	  TSS	  Pklr	1.56520300777	1.84917595384	0.166339442260444	0.0433213562471894
chr3:89135622:89137622	  TSS	  Pklr	1.56520300777	1.84917595384	0.166339442260444	0.0433213562471894
chr3:89159157:89161157	  TSS	  Hcn3	1.6599481747905	1.947056725606	0.159194987943565	0.0431422967882693
chr3:89278645:89280645	  TSS	  Efna1	1.512904469987	2.11428071242	0.331593901160529	0.0277211896281312
chr3:89390863:89392863	  TSS	  Gm15417	1.4801068682335	1.881240806941	0.238674470760705	0.032494260466264
chr3:94398218:94400218	  TSS	  Lingo4	1.227682714998	1.773728022664	0.363859101864446	0.0261775540136104
chr3:97226364:97228364	  TSS	  Bcl9	1.148899373183	1.541277068555	0.291711494669474	0.00860429367886017
chr3:102935100:102937100	  TSS	  Sycp1	4.26092324478	7.437426610405	0.543068621634203	0.0330392225541236
chr3:103278292:103280292	  TSS	  Trim33	1.5057113107655	1.933344140204	0.248692023455421	0.0429482359688022
chr3:108145152:108147152	  TSS	  Gnai3	1.188464946457	1.555003112711	0.267207897703871	0.00324058272458722
chr3:108939556:108941556	  TSS	  Henmt1	1.2156422869935	2.04939303717	0.510714689060895	0.0269984038169664
chr3:116507175:116509175	  TSS	  Rtca	1.159338275394	1.859423143272	0.463822588661127	0.03471643175171
chr3:129877605:129879605	  TSS	  Pla2g12a	1.161515169844	1.817518412241	0.440413459144606	0.00996692241406103
chr3:135437665:135439665	  TSS	  4930539J05Rik	1.406406664081	1.886583461387	0.29163573470343	0.0393545890505248
chr3:135437758:135439758	  TSS	  Ube2d3	1.348641907709	1.795946181653	0.284491489017089	0.0136958991338579
chr3:135484610:135486610	  TSS	  Manba	1.379080775925	2.30785667875	0.503819722597855	0.0416917952262819
chr3:153297649:153299649	  TSS	  1700012D16Rik	1.390900114845	1.684130968174	0.190717326369991	0.0442712805185805
chr3:156560687:156562687	  TSS	  4930570G19Rik	1.44058019931	2.0063451283635	0.328272228302295	0.0249429349159343
chr3:156560793:156562793	  TSS	  Negr1	1.44058019931	2.0063451283635	0.328272228302295	0.0249429349159343
chr3:159838694:159840694	  TSS	  Wls	1.636010428504	2.0611061821	0.229960695519718	0.0375348986066004
chr4:11075205:11077205	  TSS	  Ndufaf6	1.265713303441	1.896251901323	0.398827031323428	0.0158911878745562
chr4:11190350:11192350	  TSS	  Ccne2	1.410921110683	1.719049492104	0.1968889938753	0.0270484211235958
chr4:11190708:11192708	  TSS	  Ccne2	1.496581955966	1.757195182541	0.160191196557846	0.0153287004031076
chr4:14863218:14865218	  TSS	  Tmem55a	1.6129138605495	2.580303666145	0.46140692651263	0.0256392768525188
chr4:16162498:16164498	  TSS	  Ripk2	1.378292579813	2.18557432333	0.453036976664338	0.0466018989703662
chr4:21847448:21849448	  TSS	  4930528A17Rik	1.46152997324	2.05123923676	0.335751783431283	0.0135061149102904
chr4:21846582:21848582	  TSS	  Pnisr	1.3641946691275	1.9551209590545	0.35605308811844	0.00952791247218029
chr4:24897082:24899082	  TSS	  Ndufaf4	1.897594046361	2.33139328891	0.205155139118525	0.0439536676266489
chr4:33131555:33133555	  TSS	  Gabrr1	1.663842966937	2.18241857655	0.269651766396968	0.00699916045814877
chr4:34686438:34688438	  TSS	  Slc35a1	1.313485794309	1.67453781819	0.241666111586741	0.0229060464866391
chr4:42952093:42954093	  TSS	  Dnajb5	1.218840116947	1.670777172	0.312800630576023	0.000970238490416855
chr4:45682588:45684588	  TSS	  Gm829	1.7290547194905	3.77680286502	0.743843484542856	0.0112429114420582
chr4:47352304:47354304	  TSS	  Tgfbr1	1.470960649659	1.8863946071215	0.247476913039507	0.00597534843018526
chr4:47473660:47475660	  TSS	  Sec61b	1.4733333611785	1.936441816366	0.271635771318507	0.0419012299175815
chr4:63214411:63216411	  TSS	  Col27a1	1.0954016471655	2.0123837069	0.590119300571988	0.00641043635015331
chr4:85204455:85206455	  TSS	  Sh3gl2	1.416674426787	1.921930996431	0.302675222492747	0.0339169689912382
chr4:89293619:89295619	  TSS	  Cdkn2a	1.717808390289	2.37297598161	0.320313921125528	0.0225690791310213
chr4:117155132:117157132	  TSS	  Rps8	1.16484433993085	1.534051231696	0.273598501288138	0.0341209574508318
chr4:119231914:119233914	  TSS	  P3h1	1.167502108164	1.562689532235	0.289494274484883	0.0445317313910933
chr4:123749299:123751299	  TSS	  Akirin1	1.331807410324	2.0437530929705	0.421823683475174	0.00995680555468012
chr4:124985429:124987429	  TSS	  Rspo1	1.685422485235	2.32017861299	0.316934268884777	0.046351001480156
chr4:127987043:127989043	  TSS	  Csmd2	1.753028731357	2.23807502614	0.243063735876009	0.0118586824059925
chr4:132731546:132733546	  TSS	  Xkr8	1.498206168494	2.42701794599	0.473252864247268	0.0295594286154033
chr4:134371547:134373547	  TSS	  Extl1	1.307083709994	1.496713792135	0.135266603238649	0.0449255320366293
chr4:134922624:134924624	  TSS	  Rsrp1	1.563868198608	2.35382442959	0.403276267921688	0.0249174198748894
chr4:135855070:135857070	  TSS	  Srsf10	1.981865676206	2.42459308287	0.200944763525637	0.018617109738771
chr4:136601723:136603723	  TSS	  Kdm1a	1.274071646607	1.896796702743	0.392778877914407	0.0258929775558368
chr4:148590512:148592512	  TSS	  Srm	1.2794653515695	1.622860842101	0.236634663106021	0.00975534675715027
chr5:24841361:24843361	  TSS	  Rheb	1.263937083383	1.937412655742	0.420744765327062	0.044537197530666
chr5:25704797:25706797	  TSS	  Xrcc2	1.223139852624	1.676616654232	0.312768882860218	0.0407344690132752
chr5:28316188:28318188	  TSS	  Rbm33	1.479121815451	1.996967501305	0.297947284241402	0.00515074143375895
chr5:30944427:30946427	  TSS	  Cgref1	1.337263960931	1.903416169727	0.349403326443728	0.0464305595633552
chr5:30944480:30946480	  TSS	  Cgref1	1.337263960931	1.903416169727	0.349403326443728	0.0464305595633552
chr5:31047562:31049562	  TSS	  Slc5a6	1.13983227538	1.730511211175	0.411573693923256	0.0480819625624528
chr5:31047639:31049639	  TSS	  Atraid	1.13983227538	1.730511211175	0.411573693923256	0.0480819625624528
chr5:33781704:33783704	  TSS	  Letm1	1.199385727121	1.582522651555	0.275448988450401	0.0342694910042147
chr5:33935258:33937258	  TSS	  Nelfa	1.662846014901	1.947964096621	0.157924716567175	0.046904419394681
chr5:43781149:43783149	  TSS	  Fbxl5	1.43878847472	1.738974526617	0.188929162917877	0.0263988597838327
chr5:63967897:63969897	  TSS	  Rell1	1.177313271421	1.730513054434	0.380490250118594	0.0232190925584206
chr5:75074600:75076600	  TSS	  Gsx2	1.163667726017	1.974901823285	0.51694511434256	0.0191115078966873
chr5:98253183:98255183	  TSS	  Fgf5	1.420648588284	1.965346299388	0.321735696109394	0.0136488887703945
chr5:104434110:104436110	  TSS	  Spp1	1.32431223367	2.52943053863	0.625427474621384	0.0222754327252532
chr5:110342035:110344035	  TSS	  P2rx2	1.6629654577525	2.22744009214	0.290188067618348	0.0273472860759729
chr5:115010523:115012523	  TSS	  Sppl3	1.419335972492	1.982723198324	0.331203660809267	0.0396058428745093
chr5:115730559:115732559	  TSS	  Ccdc64	1.535957675757	2.25598856214	0.379768509999934	0.0244313683692819
chr5:118244025:118246025	  TSS	  Rnft2	1.836055293116	2.25549174108	0.205025846927076	0.0431683831800511
chr5:118243861:118245861	  TSS	  Rnft2	1.836055293116	2.25549174108	0.205025846927076	0.0431683831800511
chr5:118244226:118246226	  TSS	  2410131K14Rik	1.836055293116	2.25549174108	0.205025846927076	0.0431683831800511
chr5:120475546:120477546	  TSS	  Sds	1.795891268674	2.0268536525	0.120835885516039	0.0372335031516386
chr5:120648187:120650187	  TSS	  Rasal1	1.250491291556	1.701782588029	0.305724546488511	0.0276133701069511
chr5:122899350:122901350	  TSS	  Kdm2b	1.277958933785	1.82614216907	0.353199343140472	0.0137283622651351
chr5:123343447:123345447	  TSS	  Bcl7a	1.306630870407	2.32418853744	0.560511307631459	0.0128308355253674
chr5:125340094:125342094	  TSS	  Scarb1	1.330655046646	1.740349299716	0.266814505525097	0.00966799748692951
chr5:135063666:135065666	  TSS	  Wbscr22	1.443088379162	2.057554982575	0.351059242497702	0.0133598084912139
chr5:136115690:136117690	  TSS	  Polr2j	1.440698720667	1.912786078622	0.281550319270922	0.0480515494728364
chr5:139324464:139326464	  TSS	  Adap1	1.553630709982	1.923005224013	0.212489614123359	0.0441706747060909
chr5:139483491:139485491	  TSS	  Zfand2a	1.406272977937	2.15507001116	0.420513854192327	0.0432743991855177
chr5:140504608:140506608	  TSS	  Chst12	1.625356395079	1.834040875769	0.120647884212989	0.00397990496596563
chr5:142462930:142464930	  TSS	  Ap5z1	1.5027316951565	2.04636141024	0.306348522813839	0.0210203555357152
chr5:143234162:143236162	  TSS	  Zfp12	1.409775952357	1.840688997025	0.265139327067611	0.0465200751899737
chr5:145139089:145141089	  TSS	  Pdap1	1.213392972464	1.667705903191	0.31537475826734	0.0350134008988133
chr5:145139396:145141396	  TSS	  Bud31	1.213392972464	1.667705903191	0.31537475826734	0.0350134008988133
chr5:146831889:146833889	  TSS	  Rpl21	1.65986394568	1.943574626418	0.157466639190032	0.0104642703451972
chr5:146844070:146846070	  TSS	  Rasl11a	1.485835262592	1.762046223372	0.170086847056255	0.0392551947878656
chr6:28830747:28832747	  TSS	  Lrrc4	1.3538501869	3.06900313654	0.775586628907689	0.0383954707117959
chr6:30400908:30402908	  TSS	  Klhdc10	1.3211882068875	1.804050562077	0.309008297212113	0.0266291101245276
chr6:34383246:34385246	  TSS	  Akr1b10	1.312940105199	1.560346665669	0.172211533480357	0.0229778194050021
chr6:47453323:47455323	  TSS	  Cul1	1.271881722233	2.18853796164	0.529794835972643	0.018536991933417
chr6:52259880:52261880	  TSS	  Hoxa13	1.392345194596	2.00486368241	0.360601016887616	0.0191067309896195
chr6:54680623:54682623	  TSS	  Mturn	1.245427563097	1.9814614534355	0.456187917568616	0.00205943428139653
chr6:55116913:55118913	  TSS	  Crhr2	1.2742313505695	1.907152452479	0.397890440822019	0.021591257296436
chr6:71706680:71708680	  TSS	  Reep1	1.624341035425	2.20710850247	0.304202083979513	0.0165135972879514
chr6:72438558:72440558	  TSS	  Mat2a	1.3255927918985	2.06234112325	0.434924853792024	0.00973751221919219
chr6:87980682:87982682	  TSS	  Gm5577	1.832584727588	2.24987585596	0.204431185473609	0.0246904111218729
chr6:88517800:88519800	  TSS	  Sec61a1	1.425565135724	2.03742421843	0.35337046703424	0.0273664102576982
chr6:90368493:90370493	  TSS	  Zxdc	1.74844049938	2.258457487845	0.254569489960095	0.0408758000101293
chr6:91515034:91517034	  TSS	  Lsm3	1.689490643758	2.18010491723	0.253573928199739	0.0264210923584152
chr6:97147883:97149883	  TSS	  Eogt	1.191311085729	1.872993427648	0.444918146315528	0.0132029495401938
chr6:97928816:97930816	  TSS	  Mitf	1.350461831801	1.583024346735	0.158557089265076	0.0262670659182131
chr6:99027298:99029298	  TSS	  Foxp1	1.154033071224	1.937175600766	0.506690173742197	0.0237119425556143
chr6:113603771:113605771	  TSS	  Brk1	1.647364463451	2.11731160235	0.249661394863736	0.0199441178793227
chr6:120553795:120555795	  TSS	  1700072O05Rik	1.819823496261	3.262370501525	0.567686714002822	0.0120675942229534
chr6:124662103:124664103	  TSS	  Lpcat3	1.1607851681765	1.7703310157275	0.415913808465372	0.0308504526408196
chr6:124839275:124841275	  TSS	  Gnb3	1.736276597569	1.971431614254	0.126846560328101	0.018306132669203
chr6:135196986:135198986	  TSS	  8430419L09Rik	1.9602734203825	2.123781246265	0.0800713208947908	0.0442476733083454
chr7:3423661:3425661	  TSS	  Cacng6	1.441476670634	2.02270821109	0.335566120343289	0.0318635619099216
chr7:4469884:4471884	  TSS	  D630041G03Rik	1.365968403306	1.864376065648	0.308578646724562	0.0128348619833048
chr7:5055725:5057725	  TSS	  Ccdc106	1.472480973384	1.767223339246	0.181956337628064	0.0417683443586321
chr7:27445589:27447589	  TSS	  Sptbn4	1.273896771979	1.595476699331	0.224146442118728	0.0271463668201779
chr7:28276705:28278705	  TSS	  Eid2b	1.524259557153	2.00359296997	0.271742318666535	0.0116784062813853
chr7:30231029:30233029	  TSS	  Tbcb	1.578455903792	1.970547479767	0.220958693807614	0.0307550501328786
chr7:30444582:30446582	  TSS	  Aplp1	1.844335133915	2.53306667947	0.314675953872469	0.0131807412014286
chr7:39516765:39518765	  TSS	  Zfp619	1.649902653429	2.18833471563	0.280562148939217	0.0490762865593001
chr7:45525268:45527268	  TSS	  Ppp1r15a	1.511473568286	1.7838132923345	0.165290450007875	0.0228075610943453
chr7:45525329:45527329	  TSS	  Plekha4	1.511473568286	1.7838132923345	0.165290450007875	0.0228075610943453
chr7:47007414:47009414	  TSS	  Spty2d1	1.20907622565735	1.910404882692	0.449644432952346	0.0108959499385063
chr7:47132684:47134684	  TSS	  Ptpn5	1.526847382958	2.04147348389	0.288441606086049	0.0246800667851019
chr7:64391236:64393236	  TSS	  Mphosph10	1.348311930748	2.02471577386	0.401066283676202	0.0462988351943196
chr7:64391770:64393770	  TSS	  Mcee	1.348311930748	2.02471577386	0.401066283676202	0.0462988351943196
chr7:79391337:79393337	  TSS	  Fanci	2.05465600429	2.19952707311	0.0681075854913794	0.0375297921874568
chr7:80114350:80116350	  TSS	  Idh2	1.479301345087	2.11667116372	0.354490929545206	0.0066423021343718
chr7:80992683:80994683	  TSS	  Zfp592	1.355503853639	1.9797312851855	0.374322892128384	0.0379138618050223
chr7:89403365:89405365	  TSS	  Fzd4	1.866820260286	2.27501176021	0.197106738227939	0.0352342310763044
chr7:92668912:92670912	  TSS	  Pcf11	1.5178634320475	1.971702858412	0.260112225181279	0.0274978004299068
chr7:101393387:101395387	  TSS	  Arap1	1.651070351112	2.64043148433	0.461079207771608	0.0336136641037783
chr7:117379978:117381978	  TSS	  Xylt1	1.199681636289	1.846368965037	0.424607082013993	0.0497799819573702
chr7:121706253:121708253	  TSS	  Usp31	1.315081909112	1.809335248176	0.316381145143251	0.00778553558168444
chr7:122288124:122290124	  TSS	  Prkcb	1.329969962762	2.04427638143	0.423387237210772	0.0048578635432159
chr7:127025479:127027479	  TSS	  Maz	1.741604949321	2.49707432056	0.356464513183235	0.0242842389146825
chr7:127768814:127770814	  TSS	  Orai3	1.374865649905	2.24725210484	0.481699665226051	0.0207506525464842
chr7:127840807:127842807	  TSS	  Stx4a	1.541754054095	2.16176801377	0.334823958552743	0.008813370124318
chr7:132851647:132853647	  TSS	  Mettl10	1.318091739769	1.7292638158015	0.269855006109075	0.0103816496312884
chr7:138908506:138910506	  TSS	  Bnip3	1.949250584413	2.15756541944	0.101448340919856	0.0465440477329362
chr7:139682815:139684815	  TSS	  Cfap46	1.285033488055	1.607245123964	0.222808158640066	0.0364527880997717
chr7:144174519:144176519	  TSS	  Shank2	1.4195232675195	1.7527399439925	0.210081354702076	0.0450571146800218
chr8:8659773:8661773	  TSS	  Efnb2	1.230951714532	2.15937174051	0.547688170930876	0.0281533486258511
chr8:13704888:13706888	  TSS	  4932443I19Rik	1.483076327834	1.825003425255	0.206722402687975	0.040857709586571
chr8:31917203:31919203	  TSS	  Nrg1	1.34843703786	2.082416478975	0.427869879907962	0.0158209574948093
chr8:43306009:43308009	  TSS	  Zfp42	1.930870622123	3.00019075181	0.433707897184055	0.00640647581742754
chr8:66485507:66487507	  TSS	  Tma16	1.438011654379	1.84936614972	0.250262987617721	0.0271235469502362
chr8:68275527:68277527	  TSS	  Sh2d4a	1.5391085027115	2.141861228055	0.327496703004937	0.0344571048277754
chr8:69715902:69717902	  TSS	  Zfp869	1.28013624348	1.683228091634	0.272050144747722	0.0200326119091227
chr8:69715486:69717486	  TSS	  Zfp869	1.28013624348	1.683228091634	0.272050144747722	0.0200326119091227
chr8:69901558:69903558	  TSS	  Ndufa13	1.938622165564	2.449762036	0.232951285465768	0.0225409247396297
chr8:72760879:72762879	  TSS	  F2rl3	2.04673507918	4.03834405142	0.654587698695587	0.021775883542455
chr8:73351556:73353556	  TSS	  Large	1.703419881809	2.004727818005	0.162511291667866	0.0138854319124962
chr8:84936353:84938353	  TSS	  Mast1	1.354674875282	1.790584358576	0.277185090883151	0.0298319195238484
chr8:88361191:88363191	  TSS	  Brd7	1.2841107987835	1.8402059033435	0.355978703555511	0.0480507959811777
chr8:95632558:95634558	  TSS	  Gins3	1.712544368861	2.09180021835	0.199380387761896	0.048233422103726
chr8:107424038:107426038	  TSS	  Nob1	1.4785766853425	2.64618798295	0.566146867278539	0.0389619698256021
chr8:111932791:111934791	  TSS	  Tmem231	1.4406132536	1.870347111895	0.259582604958639	0.0429864378011999
chr8:117081449:117083449	  TSS	  Pkd1l2	2.00662429487	3.3101021178	0.490330975023937	0.0451558073910604
chr8:120113151:120115151	  TSS	  6430548M08Rik	1.52397308074	1.9058671186455	0.222689114189006	0.0206888565630953
chr8:122475064:122477064	  TSS	  Rnf166	1.347995005893	2.16501883861	0.46514125413735	0.00565352150360857
chr8:122475142:122477142	  TSS	  Ctu2	1.347995005893	2.16501883861	0.46514125413735	0.00565352150360857
chr8:123041574:123043574	  TSS	  2810013P06Rik	1.797833476589	2.19632212178	0.199535864528523	0.0371868550781163
chr9:21014959:21016959	  TSS	  Icam1	1.563253905359	2.10745116163	0.296508298182285	0.0070986548158405
chr9:22084427:22086427	  TSS	  Ecsit	1.225864889989	1.823016417989	0.391718448624048	0.00678164558565762
chr9:22474714:22476714	  TSS	  Bbs9	1.538719308526	1.800926732328	0.157027074482989	0.0231584357991043
chr9:35210055:35212055	  TSS	  Foxred1	1.42210939454	1.82494247366	0.248122355583627	0.0365442601301401
chr9:35210202:35212202	  TSS	  Srpr	1.42210939454	1.82494247366	0.248122355583627	0.0365442601301401
chr9:37207332:37209332	  TSS	  Tmem218	1.118005516729	1.3849683438885	0.213316512297606	0.00303854314550254
chr9:43238816:43240816	  TSS	  Oaf	1.329817428408	1.688325715558	0.237568776594805	0.0438478482861184
chr9:44406548:44408548	  TSS	  Trappc4	1.784826187675	2.15485895618	0.187848904160357	0.00889353618999403
chr9:44406713:44408713	  TSS	  Rps25	1.784826187675	2.15485895618	0.187848904160357	0.00889353618999403
chr9:44964600:44966600	  TSS	  Ube4a	1.5816104732585	1.940282816581	0.203681550691643	0.0289956756858674
chr9:50751970:50753970	  TSS	  Cryab	1.537664382268	2.06531031426	0.292894608724544	0.0245178524680902
chr9:50774224:50776224	  TSS	  Alg9	1.517577618946	1.973054874466	0.260971188676917	0.0222145680759863
chr9:54585510:54587510	  TSS	  Idh3a	1.78459360091	2.0239990602515	0.125718595103572	0.0355305326935201
chr9:57559943:57561943	  TSS	  Scamp2	1.590346737142	2.0443534907435	0.249817990555782	0.0271605909913668
chr9:59485374:59487374	  TSS	  Arih1	1.2053536504975	1.814300517092	0.403322256654711	0.0361683314894959
chr9:62536044:62538044	  TSS	  Coro2b	1.355182884447	1.892229498814	0.330753566830774	0.0315790684051988
chr9:66157225:66159225	  TSS	  Dapk2	1.845858798327	2.089098165165	0.123630001087555	0.049846730791031
chr9:74860920:74862920	  TSS	  Onecut1	1.7469873636415	2.1463452481	0.205149636203246	0.0439129394292841
chr9:75440523:75442523	  TSS	  Leo1	1.1811900085043	1.603354537834	0.303219806545993	0.0163202164441276
chr9:77543059:77545059	  TSS	  Lrrc1	1.378117263021	1.949714988801	0.343525564106813	0.0344463173973548
chr9:79792640:79794640	  TSS	  4930429F24Rik	1.5304569134705	1.893355760461	0.211985223229979	0.0200472887541198
chr9:90161977:90163977	  TSS	  Adamts7	1.202976812595	1.6513532922475	0.31417282737677	0.00902932807952283
chr9:104062121:104064121	  TSS	  Uba5	1.421715150853	1.984808945252	0.330597276586323	0.00172076305681775
chr9:104062702:104064702	  TSS	  Acad11	1.421715150853	1.984808945252	0.330597276586323	0.00172076305681775
chr9:106198233:106200233	  TSS	  Ppm1m	1.294957875338	1.857728027184	0.357009971336384	0.0211298433326999
chr9:106197939:106199939	  TSS	  Ppm1m	1.294957875338	1.857728027184	0.357009971336384	0.0211298433326999
chr9:106367631:106369631	  TSS	  Dusp7	1.356664679437	2.26450857997	0.501408706791162	0.019363715258089
chr9:106452837:106454837	  TSS	  Pcbp4	1.393811738658	2.18308718957	0.441318285335509	0.0105324162538915
chr9:108189383:108191383	  TSS	  Bsn	1.0798545821785	1.911360295822	0.555965216513851	0.045752901837833
chr9:108825319:108827319	  TSS	  Celsr3	1.66657375078	2.25169815075	0.298664520826909	0.0229228654157728
chr9:108935647:108937647	  TSS	  Uqcrc1	1.3849880416925	2.38481957465	0.53044167486061	0.00635692161338007
chr9:113929933:113931933	  TSS	  Ubp1	1.435848786089	1.943210870308	0.300297796316497	0.0388084378568181
chr9:119401500:119403500	  TSS	  Acvr2b	1.65960425992	1.995429306994	0.183760308038726	0.0124336893056162
chr9:121857000:121859000	  TSS	  Higd1a	1.5764896212195	2.31835793627	0.380948575830108	0.042224446177617
chr10:40682281:40684281	  TSS	  Mettl24	1.36662217847	1.9599967196925	0.356743323709402	0.0412299282797944
chr10:43173530:43175530	  TSS	  Sobp	1.3920642973545	2.127592588985	0.417954542378966	0.0269212694208593
chr10:43478139:43480139	  TSS	  Bend3	1.879373560663	2.48948430232	0.279299881475395	0.0186491373959476
chr10:53595960:53597960	  TSS	  Asf1a	1.460638793382	1.825179324996	0.221887224721952	0.048946583554817
chr10:62577457:62579457	  TSS	  2510003E04Rik	1.1002515265178	1.647774893781	0.398484791280621	0.00636266596154813
chr10:75772374:75774374	  TSS	  Ddt	1.335684412175	1.941967774308	0.369949785784657	0.0316686046125602
chr10:78463948:78465948	  TSS	  Pdxk	1.740000651912	2.07519050796	0.175713269402336	0.0353483979653362
chr10:79668409:79670409	  TSS	  Tpgs1	1.231837193203	1.81793601198	0.384355674566845	0.0453235266188729
chr10:79715633:79717633	  TSS	  Hcn2	1.6570530835565	2.058107934875	0.215901733103251	0.0150164133097099
chr10:79915930:79917930	  TSS	  R3hdm4	1.244556553548	2.07341430485	0.499617258062473	0.0392653677522304
chr10:79915970:79917970	  TSS	  Kiss1r	1.244556553548	2.07341430485	0.499617258062473	0.0392653677522304
chr10:80171943:80173943	  TSS	  1600002K03Rik	1.606441919842	2.22719781095	0.323846753841815	0.0292076224375691
chr10:80917245:80919245	  TSS	  Lmnb2	1.879152697028	2.20566276626	0.159865272821496	0.0294864080620757
chr10:81182006:81184006	  TSS	  Dapk3	1.222362249845	2.05478070332	0.508014734402152	0.0150111187802016
chr10:81182262:81184262	  TSS	  Dapk3	1.222362249845	2.05478070332	0.508014734402152	0.0150111187802016
chr10:81284781:81286781	  TSS	  Tjp3	1.568864464959	2.20638665304	0.337737632890978	0.0279208319541211
chr10:83721864:83723864	  TSS	  1500009L16Rik	1.256966018347	1.712631094256	0.306886798869215	0.0250672259291108
chr10:84916612:84918612	  TSS	  Ric8b	1.2891731961935	1.816631340788	0.339659587919291	0.0192073393370766
chr10:89620249:89622249	  TSS	  Slc17a8	1.67231690402	2.289754017885	0.311673933170348	0.018662092616668
chr10:93310159:93312159	  TSS	  Elk3	1.257003769978	2.03003296505	0.47035020134353	0.00060701250645453
chr10:95415212:95417212	  TSS	  Socs2	1.374400228495	2.3169382773	0.510675489297618	0.00713261803032653
chr10:95414484:95416484	  TSS	  Socs2	1.374400228495	2.3169382773	0.510675489297618	0.00713261803032653
chr10:95414283:95416283	  TSS	  Socs2	1.374400228495	2.3169382773	0.510675489297618	0.00713261803032653
chr10:95563167:95565167	  TSS	  Nudt4	1.249165812024	2.066969982605	0.493227190457979	0.025516468445953
chr10:127287771:127289771	  TSS	  Mbd6	1.3604481276515	2.043945018945	0.401538166634378	0.0133909279211171
chr11:4094431:4096431	  TSS	  Mtfp1	1.616603919124	2.03185250183	0.227629734219175	0.0417282520226186
chr11:4256567:4258567	  TSS	  Lif	1.559047748563	2.06884699646	0.281044122681	0.029001698115565
chr11:6443443:6445443	  TSS	  H2afv	1.268187100647	1.444162460009	0.129758613649665	0.0177992372350237
chr11:22971004:22973004	  TSS	  Zrsr1	2.15418489476	14.26557313974	1.47522128152345	0.02258527250293
chr11:24079694:24081694	  TSS	  Bcl11a	1.5698439194715	2.0176310037695	0.249639143898717	0.0423871218442373
chr11:33202588:33204588	  TSS	  Tlx3	1.50103056231	2.098769861135	0.332095798940412	0.0410389229390805
chr11:35120455:35122455	  TSS	  Slit3	1.400581399661	2.49651004198	0.562434142862977	0.042398472727241
chr11:35979089:35981089	  TSS	  Wwc1	1.73119227567	1.9599294162915	0.123939094785004	0.0223415835006635
chr11:50173850:50175850	  TSS	  3010026O09Rik	1.390825433127	2.20865907191	0.454417090913185	0.0279716195339108
chr11:51856481:51858481	  TSS	  Jade2	1.844898605624	2.0581894746345	0.109293392628933	0.0472964772032474
chr11:53479195:53481195	  TSS	  Sowaha	1.195329708668	1.819094628487	0.413853426095748	0.0456189226464652
chr11:54303203:54305203	  TSS	  Acsl6	1.592411117231	2.10489745182	0.27722129490563	0.0478652144895625
chr11:55311257:55313257	  TSS	  Fat2	1.678783007861	2.73435676287	0.47837766753268	0.0102494478811482
chr11:60698689:60700689	  TSS	  Llgl1	1.24801694958	1.804356457291	0.364529127700209	0.0342522295953793
chr11:66167551:66169551	  TSS	  Dnah9	1.176664573606	1.371423311481	0.152866578123031	0.0294304461869787
chr11:69802668:69804668	  TSS	  G630025P09Rik	1.949239138602	2.26018047717	0.14773596692663	0.0219251399679828
chr11:70431579:70433579	  TSS	  Arrb2	1.2655009343695	1.967898464946	0.43446382202285	0.0244183639446447
chr11:70668416:70670416	  TSS	  Spag7	1.5199818513175	2.0240306504465	0.284450914819355	0.0228393251317409
chr11:75192992:75194992	  TSS	  Rtn4rl1	1.357914494081	2.1849291059295	0.466864871961071	0.0211352691026125
chr11:76405924:76407924	  TSS	  Timm22	1.5545879207285	2.34633071038	0.405926328910129	0.0343473882117418
chr11:76406142:76408142	  TSS	  Timm22	1.5545879207285	2.34633071038	0.405926328910129	0.0343473882117418
chr11:76508419:76510419	  TSS	  Abr	1.572266856377	2.04030105006	0.259114406042882	0.0117356681583734
chr11:78535260:78537260	  TSS	  Tnfaip1	1.446025115798	1.607019786042	0.10546498687063	0.0387152710336623
chr11:81967396:81969396	  TSS	  Asic2	2.00269396662	3.45177742931	0.531337817179231	0.0201163483189113
chr11:83019722:83021722	  TSS	  Slfn8	1.355487984972	2.13676253756	0.447433279798924	0.0332195322202143
chr11:83019810:83021810	  TSS	  Slfn8	1.355487984972	2.13676253756	0.447433279798924	0.0332195322202143
chr11:84828003:84830003	  TSS	  Dhrs11	1.3642250614585	2.04089395045	0.397442137337949	0.017172166324502
chr11:88046372:88048372	  TSS	  Srsf1	1.4587701131465	1.799428192278	0.209108253825033	0.0395633904189245
chr11:97684951:97686951	  TSS	  Cisd3	1.3192795196	1.82172483613	0.319926532806878	0.0111547730158279
chr11:100858350:100860350	  TSS	  Stat5a	1.161365118775	1.583302557563	0.307459764564983	0.0166003467079459
chr11:102664584:102666584	  TSS	  Gm1564	1.867986429799	2.37187840838	0.237692472667321	0.0290000844770678
chr11:103266401:103268401	  TSS	  Map3k14	1.638353296248	2.092020847115	0.243228981025485	0.00330540471191458
chr11:106919715:106921715	  TSS	  Smurf2	1.485221516515	2.07894130522	0.333160867446557	0.0116321770941121
chr11:113683411:113685411	  TSS	  D11Wsu47e	1.958230865977	2.342202659565	0.178573528137309	0.01439128389466
chr11:113708526:113710526	  TSS	  Cpsf4l	1.491979924578	2.01087667974	0.296270623537573	0.00834996577818284
chr11:113709017:113711017	  TSS	  Cpsf4l	1.5765480876	1.963699502581	0.218714315944895	0.0368454707952981
chr11:115380915:115382915	  TSS	  Cdr2l	1.299889383995	1.782551776422	0.313168925087741	0.00760259744592744
chr11:116530910:116532910	  TSS	  Sphk1	1.768390992635	2.22487961995	0.228628946846904	0.0320360849241497
chr11:119022028:119024028	  TSS	  Cbx2	1.269607908984	1.693348361194	0.286025451320308	0.00505075544418228
chr12:70101854:70103854	  TSS	  Nin	1.503811572963	1.9957938206245	0.281164412743782	0.0366820663790843
chr12:73547482:73549482	  TSS	  2210039B01Rik	1.19256564354	1.544827978188	0.257370611118493	0.00864162163921928
chr12:86733368:86735368	  TSS	  Lrrc74a	1.620027544498	2.790514477755	0.530767840937196	0.03441326158836
chr12:112721173:112723173	  TSS	  Cep170b	1.305398491203	1.868393718616	0.354777622600005	0.0496973453595029
chr13:30748257:30750257	  TSS	  Irf4	1.168419685436	1.8603935789825	0.4569274056447	0.0220588046421758
chr13:38035937:38037937	  TSS	  Cage1	1.329099070487	1.7574655884755	0.277568471954505	0.0469269151159434
chr13:38035988:38037988	  TSS	  Riok1	1.329099070487	1.7574655884755	0.277568471954505	0.0469269151159434
chr13:69611015:69613015	  TSS	  Nsun2	1.473653839868	1.953418491684	0.279985133315661	0.0425357691141564
chr13:97197357:97199357	  TSS	  Hexb	1.4926131812535	2.051800088735	0.315531437722731	0.0212180057142413
chr13:100650606:100652606	  TSS	  Taf9	1.3912952493915	1.8879073724185	0.302885902642325	0.0475400316933902
chr13:113208658:113210658	  TSS	  Esm1	1.500966441048	1.846336684801	0.206357315586948	0.0130583516690527
chr13:117219572:117221572	  TSS	  Emb	1.496056834889	1.881120284485	0.228038646470148	0.0226471928982717
chr14:13960313:13962313	  TSS	  Thoc7	1.569024114804	2.03488932832	0.258532964716362	0.0384186140574977
chr14:21847910:21849910	  TSS	  Comtd1	1.6622497020655	2.214864018685	0.285064796351926	0.00471392730825439
chr14:28504472:28506472	  TSS	  Wnt5a	1.687755200084	2.15552804835	0.243423561589743	0.0255658637151596
chr14:49782367:49784367	  TSS	  3632451O06Rik	1.163038404202	1.505810335922	0.256868758852234	0.0405340416746776
chr14:52304124:52306124	  TSS	  Mettl3	1.344029701866	2.05928247351	0.420327454424588	0.0456959258534632
chr14:56667247:56669247	  TSS	  Mphosph8	1.318412622163	1.6466147416515	0.221382185873839	0.0216322681613401
chr14:56777316:56779316	  TSS	  Pspc1	1.19588351240075	1.7721069010975	0.388291947356783	0.00289776254347329
chr14:60767133:60769133	  TSS	  C1qtnf9	1.676725891581	2.14687515593	0.245919623154747	0.00539004479813421
chr14:62760112:62762112	  TSS	  Ints6	1.8180392243755	2.44356508268	0.293563556461064	0.0102135186920969
chr14:62759500:62761500	  TSS	  4931440J10Rik	1.983280342845	2.45754409123	0.21359265849193	0.00190843505303914
chr14:65357675:65359675	  TSS	  Zfp395	1.240090355249	1.5282507325455	0.20818271170918	0.0365597456710842
chr14:72709003:72711003	  TSS	  Fndc3a	1.313192511312	1.802302060589	0.313985171849333	0.036743319652858
chr14:75129883:75131883	  TSS	  Lrrc63	1.2356816287835	1.527467059263	0.211197777189318	0.0397942111486423
chr14:75130122:75132122	  TSS	  Lcp1	1.2356816287835	1.527467059263	0.211197777189318	0.0397942111486423
chr14:118936931:118938931	  TSS	  Dnajc3	1.246368582162	1.8720595233025	0.401286109526839	0.0128697477222014
chr15:55556312:55558312	  TSS	  Mrpl13	1.189567974001	1.671547337338	0.336917118598365	0.0399363186165134
chr15:55556407:55558407	  TSS	  Mtbp	1.189567974001	1.671547337338	0.336917118598365	0.0399363186165134
chr15:73706505:73708505	  TSS	  Gpr20	1.561895703289	1.863622117208	0.176163972707182	0.0327982503292488
chr15:74720233:74722233	  TSS	  Them6	1.550189093008	2.198974757345	0.346096191168553	0.01017282019964
chr15:75981285:75983285	  TSS	  Ccdc166	1.8847622364015	2.94265701532	0.438285851613674	0.028040845474965
chr15:79163490:79165490	  TSS	  Sox10	1.7685988217505	1.9973396830355	0.121478808533013	0.0293249274393895
chr15:79327371:79329371	  TSS	  Pla2g6	1.540736530271	1.9746096406485	0.246845169313162	0.0118157532790284
chr15:85205007:85207007	  TSS	  Fbln1	1.259595123078	2.06642001251	0.485160082886612	0.00833918417557594
chr15:85580141:85582141	  TSS	  AU022754	1.849629609701	2.30980118744	0.22126661083305	0.0419667641817138
chr15:85831303:85833303	  TSS	  Ttc38	1.680692701777	2.33984875276	0.327894169696558	0.0207236882599353
chr15:85878326:85880326	  TSS	  Trmu	1.6568924961575	1.9480914154815	0.161553519494963	0.0294701807697186
chr15:88313873:88315873	  TSS	  B230214G05Rik	1.169158043278	1.443421472408	0.209956043430116	0.0370587923462479
chr15:89148606:89150606	  TSS	  Mapk11	1.361175493228	1.760438902283	0.255805720033298	0.0433279775542605
chr15:92395809:92397809	  TSS	  Pdzrn4	1.294084734663	1.6953028432675	0.268428297198088	0.0239728890135748
chr15:102330708:102332708	  TSS	  Myg1	1.679284849409	2.09583564331	0.220682118467155	0.0366021876020475
chr16:13779698:13781698	  TSS	  Rrn3	1.4184546551255	1.6903925072345	0.174944497369607	0.0344950214202398
chr16:17645469:17647469	  TSS	  Ccdc74a	1.504154653292	2.04039929142	0.3025738338264	0.0440526434207018
chr16:18628938:18630938	  TSS	  Sept5	1.535283086099	2.07698412834	0.299923017918334	0.042286287521483
chr16:20240358:20242358	  TSS	  Map6d1	1.201800443558	1.522954498453	0.235730597231598	0.0292101828924296
chr16:29540483:29542483	  TSS	  Atp13a4	1.397418671242	2.0305487068355	0.369390933905898	0.00418293271051457
chr16:35489873:35491873	  TSS	  Pdia5	1.3873697519605	2.09837214469	0.407948961116549	0.030772861288741
chr16:55837641:55839641	  TSS	  Nfkbiz	1.0458585354376	1.461438344898	0.331496292058382	0.0241732185696816
chr16:90737323:90739323	  TSS	  Mrap	2.253786950635	3.27672600002	0.369925559712811	0.0289330699308394
chr17:3113971:3115971	  TSS	  Scaf8	1.147741815384	1.501501601984	0.267064765948504	0.0291205526034793
chr17:23676449:23678449	  TSS	  Tnfrsf12a	1.5094951002015	1.7318755011895	0.13721380757422	0.049740529871244
chr17:25132393:25134393	  TSS	  Clcn7	2.0031894989	2.43326438867	0.19388227655199	0.0427499438339313
chr17:25772775:25774775	  TSS	  Narfl	1.450166262753	1.9906401950395	0.314155381255154	0.0154384447955615
chr17:33823571:33825571	  TSS	  Ndufa7	1.35324801668	1.794355028724	0.280281220777243	0.0107645626460298
chr17:35822356:35824356	  TSS	  Flot1	1.583033352461	2.03085734898	0.24783483149639	0.0317460907017759
chr17:36942050:36944050	  TSS	  Rnf39	1.692690148684	2.12107507422	0.224651964920801	0.0362027723109013
chr17:45473938:45475938	  TSS	  Spats1	1.204946976214	1.490288888435	0.211737989957447	0.0203584086525765
chr17:56325049:56327049	  TSS	  Kdm4b	1.591416252191	2.40373530141	0.406652432740291	0.0131511596386401
chr17:74394607:74396607	  TSS	  Slc30a6	1.323247081371	1.593610574874	0.185379970753219	0.0121525557065237
chr17:93198421:93200421	  TSS	  Adcyap1	1.296231107815	1.562066871901	0.186009832405517	0.0347158364977495
chr18:5333439:5335439	  TSS	  Zfp438	1.483674674356	2.0514822318285	0.321234713219751	0.0287890889733884
chr18:34330144:34332144	  TSS	  Srp19	1.205567080907	1.676958634103	0.327068411387521	0.0313775937489047
chr18:36347623:36349623	  TSS	  Cystm1	1.342537815963	1.795695685675	0.288798057554018	0.0259734707902299
chr18:41950194:41952194	  TSS	  Prelid2	1.189784134315	1.460090702018	0.204014592686997	0.000485982504207733
chr18:45559153:45561153	  TSS	  Kcnn2	1.728568419468	2.016494618381	0.153763072078152	0.0311932740272657
chr18:82909878:82911878	  TSS	  Zfp516	1.263627024193	1.853596673438	0.378522497242248	0.0132250309014082
chr19:4876909:4878909	  TSS	  Actn3	1.687480491529	2.14461904372	0.238583861398212	0.0206778670223927
chr19:4877667:4879667	  TSS	  Zdhhc24	1.687480491529	2.14461904372	0.238583861398212	0.0206778670223927
chr19:4877689:4879689	  TSS	  Zdhhc24	1.687480491529	2.14461904372	0.238583861398212	0.0206778670223927
chr19:5923816:5925816	  TSS	  Cdc42ep2	1.399729217725	1.8264046978795	0.264511946073107	0.049465763262843
chr19:6920808:6922808	  TSS	  Esrra	1.654306301342	2.30273238436	0.327733001631227	0.00354764720522223
chr19:6986651:6988651	  TSS	  Vegfb	1.640939214327	1.979922886998	0.187239206125499	0.0109758814383365
chr19:7493039:7495039	  TSS	  Atl3	1.444702938611	2.03668542197	0.340084140029816	0.0456577322813956
chr19:7493437:7495437	  TSS	  Atl3	1.462715267583	2.02664222791	0.323226818149411	0.0160600004916902
chr19:10576386:10578386	  TSS	  Tmem138	1.1763909214665	1.8536615163025	0.447035560437144	0.0175659686805744
chr19:10576086:10578086	  TSS	  Tmem138	1.1763909214665	1.8536615163025	0.447035560437144	0.0175659686805744
chr19:10576156:10578156	  TSS	  Cyb561a3	1.1763909214665	1.8536615163025	0.447035560437144	0.0175659686805744
chr19:12595566:12597566	  TSS	  A330040F15Rik	1.227191989859	1.955452353237	0.457644829186013	0.0328360098344549
chr19:24673007:24675007	  TSS	  Tmem252	1.344650694282	1.747168492431	0.260376027083866	0.0211086705650761
chr19:44406709:44408709	  TSS	  Scd1	1.210617848092	1.6794843209405	0.324463597081386	0.0489426447286015
chr19:44554415:44556415	  TSS	  Ndufb8	1.231443838467	2.05058869556	0.49916924868988	0.0317533521392295
chr19:45046575:45048575	  TSS	  Sfxn3	1.226572077528	1.797352150118	0.377509507263235	0.0127593630130774
chr19:46394735:46396735	  TSS	  Actr1a	1.303278079385	2.2697783489	0.540993566104357	0.0490456100580612
chr19:55315032:55317032	  TSS	  Zdhhc6	1.5743138815515	1.916049327577	0.195816552920191	0.0402715887545236
chr19:55315056:55317056	  TSS	  Vti1a	1.5743138815515	1.916049327577	0.195816552920191	0.0402715887545236
chrX:6082420:6084420	  TSS	  AU022751	5.07174907349	15.2584263561	1.00212389390242	0.0116971122466356
chrX:35887831:35889831	  TSS	  Dock11	1.1358483883245	1.470137105756	0.256554549663333	0.00170470865660367
chrX:53268805:53270805	  TSS	  Fam122b	1.289436015718	1.690726181405	0.269307600824142	0.0199285395006029
chrX:94366109:94368109	  TSS	  Apoo	1.254513620793	1.469285022906	0.15769991119559	0.0448910135455784
chrX:94366123:94368123	  TSS	  Apoo ps	1.254513620793	1.469285022906	0.15769991119559	0.0448910135455784
chrX:94366153:94368153	  TSS	  Apoo	1.254513620793	1.469285022906	0.15769991119559	0.0448910135455784
chrY:1285613:1287613	  TSS	  Ddx3y	1.1315720003265	1.235856290394	0.0880992175993321	0.0305547236182331
